theta,theta_dot,theta_double_dot
0.040430986221126855,-0.06982909239823708,0.029321751167901505
-0.15179666474597828,-0.6623349357404886,0.13835957619420852
-0.5846688547449678,0.7971559457751132,0.4467416221555277
-0.15101569294036404,-0.7723194309529846,0.016372106952674687
0.25646899639865456,0.18871485842959618,-0.2982346200572139
0.08280255224539053,-0.23122687999413755,-0.04609470532567084
0.0045467198437079,0.18471413716594312,0.23653476858236544
0.16511868791303858,-0.04891597461857142,0.1028910366396162
-0.47436364350713917,0.719857829115994,0.4471925660583513
0.2525748390421274,0.5764331288821445,-0.19222290271649584
-0.0007018028021048006,-0.10862048444452331,-0.39265738479685575
-0.005532521885313509,-0.3890238047105027,-0.02661802698449142
0.4177089172843511,0.42515080069071437,-0.39202193911727795
0.2747859764866254,-0.24275578042477036,-0.04127413736310101
-0.08996976694374899,-0.16965488397368816,0.050911257114704775
-0.21282712583256108,-0.5137091976745828,0.2897973756984217
0.06634234890926646,0.19618285378734163,-0.03113739853748948
-0.2602322238040909,-0.7257497358574513,-0.07757937510573773
0.15508183658396307,0.5702340031125936,0.021323433851341486
-0.4199477364195685,-0.44003129845090017,0.26174745351542883
-0.10550793362966626,-0.6418238930446933,-0.03769288067511642
0.05466034493341104,-0.5744132098533884,-0.08279788684280627
0.20226300688578597,0.11956548509399277,-0.581699738097305
0.5469299484656431,0.33491950277188204,-0.6101509733962555
0.5066685712544308,0.00035780117690893676,-0.5784418415035395
0.07365838208369951,-0.055377012277956286,-0.03880150015857143
-0.27641771462624576,0.052892238597019844,0.2570235423441608
0.04754938905589856,0.22181082029775934,-0.23217061497633484
-0.08380179262596885,-0.019682669626954058,0.06504555787903155
0.02881509010256947,-0.8330296873803922,-0.10324908627140408
0.21919643312816492,-0.13950748901047155,-0.30599839704272824
0.13665602735072901,-0.23134342988643314,-0.004043698495550391
-0.26591502916138465,0.17037093685727073,0.16783994528570292
-0.44742649897621933,0.5632211741180194,0.3045286731708389
0.8235491681878019,0.5362310984460591,-0.6791114528163325
0.2575879699212405,0.5777994008619471,-0.22178684978110974
-0.1388774451160946,-0.4771425545000313,0.10944692523336967
0.8446920800623604,-0.4153025935427261,-0.8507202219423011
-0.4588382967007303,0.7301196182998361,0.5314890346159289
0.3682449955873447,-0.6147789796379591,-0.277542485882634
-0.8899059564369659,0.20472528370765303,0.8918637438495849
0.20219889070500624,-0.411841247940944,-0.2783162104709885
-0.39233124442097217,-0.03483363021967288,0.13642968018522433
0.5786970018298584,0.5998602336757588,-0.4685940996166654
0.15204191434800135,0.22468119710549742,-0.06614978044129836
0.446195331082741,-0.39494894244460027,-0.5767665669309864
-0.005598906801686218,0.0900554889719224,-0.28135063720078757
-0.3395595706022415,-0.17091966967014574,0.13470990032854735
0.5192031822868254,0.60607116864257,-0.2960015940268305
0.1614858171917319,-0.05199089204984616,-0.1604114165629572
0.45726066718758657,-0.2532616051710305,-0.44829508421653724
-0.11050034131481556,0.4030321325583938,0.167387899148359
-0.2396081305144936,0.11832968809376787,0.19630455487829662
-0.32344877205474665,-0.6324624602510964,0.3758023360175724
0.18652806088964488,-0.023720006300025555,-0.4641380105268695
0.3086215679765393,-0.6568770315499929,0.10478106870661692
0.3635297571430023,0.6071680310720077,-0.4132361013756368
0.3827241017221744,0.35191607979773043,-0.6616422935567764
-0.041215335946269555,-0.09615373032883671,-0.01744606549851542
0.7901334592029591,-0.7213001529837572,-0.490604601944278
0.04715311447312413,-0.03858867966395486,0.08068946103127038
-0.8786233624395501,0.4531092169273597,0.7748365565097284
-1.037596641359733,-0.2893846149607816,0.7492882040479415
0.8909527200979145,-0.054923876092662485,-0.5803131998797173
-0.17306173178497788,0.28100913817806294,0.2087998683649146
-0.7265633993246938,0.3497205738271791,0.9732098842279009
-0.32491847678964697,0.32355314375295025,0.08812025121834133
-0.8151858866480381,-0.36719924619125494,0.6893237720403605
0.8416163611540531,0.5789818680657701,-0.7504980786622917
0.2753011384483352,0.29327449499605185,-0.19889987033207726
-0.40382682331554837,0.04943443840982036,0.43445058228001765
1.197184464275073,-0.20683424901056488,-1.0310801804634262
0.010004476169741261,0.1358074344977381,-0.04122991464054801
-0.803047649009048,0.22851689929365465,0.8364835037637773
0.058648107115708635,0.12242945237314863,0.04224949094594429
0.33728311865877486,0.668552711323099,-0.5593258806763473
-0.015274659850685199,0.46734125511844254,-0.012097774792914448
0.03889101350076563,0.026701763259708626,0.07700776663155184
-0.3257005236038105,-0.5405493002209735,0.21430801229362936
0.4277448715329768,0.9162559652000786,-0.1309348323137327
-0.45252355062634747,0.19623687179213173,0.6879913341704131
-0.20484855601011448,-0.17951059092101174,0.3532123624110243
0.30621111450762506,-0.5421266669987458,-0.5505548869948451
0.6274421946656958,-0.07609272240388186,-0.5904145738780868
0.7603564558257743,-0.0809269388494096,-0.9905514700879836
-0.09759895018494644,0.747299824951083,0.2746701489061434
-0.2500100287268033,-0.287775807599726,0.2140411752377429
0.16804527559211124,0.33680346724805166,0.07843618835269323
0.7466344437545184,0.2274042893546967,-0.7418153442032098
0.2023574986263903,-0.22138621480563772,-0.055483016701277185
0.19517138328636013,0.6564180357838638,0.03568735345950158
0.24660903874913875,-0.023593689312576376,-0.2823072878542772
-0.26372386847197526,0.7824303965198655,0.32231646815590936
0.4428788534327103,-0.8984425330933149,-0.5062584603548869
0.2146101474069139,0.628322192812871,-0.09383361483202346
0.2816782115120382,-0.40079243668907316,-0.2553971946306044
1.024751168538747,0.32540386825097123,-1.0306383429774908
0.4325263298728401,0.37567859347375987,-0.4953092222547246
-0.17079002757510509,0.0982039603169916,0.267647686946136
0.027696655698675993,0.37406703562404764,0.05063909465078037
-0.10175955719833653,-0.009695978382884204,-0.043104347509354685
0.08164168517466276,-0.17890649341361034,-0.13963637940582146
-0.3819213003299958,0.18957871821653915,0.35134237891517134
0.5038522653042719,0.03211685702801842,-0.3082676579754287
-1.119741847964244,0.047214334085695364,0.9797865444217317
0.18860047503760757,1.0695888792772992,-0.3532592182798024
-0.20684964372338063,0.11405086668280819,0.20313501076285212
-0.25371582580522734,-0.08743886787896152,0.02256506420122048
-0.5913292573590809,0.23662289565154956,0.6872714368743292
0.3258797629563944,-0.5362952017794216,-0.5465581166718142
0.12263617000561688,-0.516698169635392,-0.1476397659140259
-0.5538804864204588,0.15678500004268384,0.5584567686198064
-0.6386431299594891,0.0010860851343110212,0.6229285190189573
-0.3086516981366444,-0.13305424804015736,0.10956809286994142
-0.27264936753695745,0.01287598681307052,0.39021653908033316
-0.5409390052220803,-0.13176713911797916,0.407589497990686
0.15820506773286921,-0.03175469980973511,-0.16522802149847005
-0.6040554122075126,0.5016720133038574,0.7186724223536478
0.23905549776519006,0.25725880075759305,-0.22677416439631712
-0.04512316546352477,0.24711598311372898,-0.054413726743492846
0.15843818075512123,0.6137944340847514,-0.14520067328063244
0.3891893995402674,-0.7777297663029036,-0.569779523621504
0.6729318838218993,0.47755185978484715,-0.5145754708635841
0.5532425703973457,-0.26853388074095036,-0.5801167122914656
-0.07623305102585182,0.031219622996834284,0.01807543082516878
0.16049127721685247,-0.27613287600390396,0.023727338928818054
0.9519229583506454,-0.1747293975496148,-0.9910741123624235
-0.34059438567028744,0.4289096804714702,0.331600787181604
-0.10538106176824051,-0.3428366327505,0.2766736674313881
0.4098204694396107,0.3273902482810731,-0.14008292708589853
0.010644743669922706,0.16291330520758013,0.0012689783104431127
0.09365642941324173,0.15946991001268235,-0.4297771012530361
-1.0557892939484217,0.39843938028781867,0.9710518327166244
0.19766197538419777,0.15967532823825606,-0.24058423679249102
0.8919238524364024,-0.3815632813060312,-0.6405126171321717
-0.31697725709874375,-0.48836474187032114,0.41538802677485376
-0.17658756877315882,0.13141227895202387,0.028088685980946562
0.7504107350996033,0.09314483305594672,-0.6494113650681127
0.03570149160826808,-0.6450275592000572,0.009795101656879468
-0.4589224141510796,0.2898059463678192,0.5877713058227287
0.3995485274962143,0.4964929792372211,-0.4880409181173174
0.06321545345746556,0.5149135987054726,0.08651928571775241
0.1407752376158073,-0.25068553485115547,-0.2285479321518756
0.5328855207582837,-0.33788886333067175,-0.23497568011539066
0.42623215152049,-0.5243867318649214,-0.6205418023610528
0.1470604177413966,0.4816292981288678,0.046154719569761235
0.3775974506884823,-0.23962157275776982,-0.29464418808881143
0.09820610320617756,0.16939592157275157,0.04718211089983236
-0.518990187736914,0.6240490026992427,0.3899766117772119
0.4183621287228345,-0.4137702110966647,-0.36627838640620564
-0.38434437560938123,0.39534604206670315,0.5047127140271006
0.28815079670063937,-0.24562364325596547,-0.4776404850759676
-0.47009002892771445,0.2879982540281214,0.4514901283038938
0.3497829468967618,0.31466885045630144,-0.3343775325863446
-0.062312743225079355,-0.18617506084142293,0.025104522963485525
0.15105936253070926,-0.5757129525571347,-0.10535624938952551
-0.018996615950252344,-0.19393418727362685,0.11878601769147637
-0.4730682255489902,-0.5212529998699371,0.6881870787072741
-0.10157903284483097,-0.013195523416203211,-0.0365018492564014
0.05463674369194363,-0.40218779697774815,0.2908741453755369
-0.7000023097928993,-0.41431231155736026,0.7079394807204498
-0.3140515438463245,-0.267348162728809,0.267477724147476
-0.1673198117355309,-0.1092733711037493,0.21948082725828025
-0.00894735475976391,-0.19005166434195098,-0.03754922161029686
-0.03754116278749284,0.6583589971517907,-0.018644604237580596
-0.05776276433134558,0.23119961937524142,0.005502044088614462
0.699297367796894,-0.31640000990537764,-0.6244940944617728
0.5662981440358457,-0.2809168475106316,-0.7185040806498522
0.618822138701834,-0.515463251359907,-0.49844955679213626
-0.002530216627219098,-0.030349329939051303,-0.1005067214623722
-0.15036909550865715,-0.9983843829708865,0.06766755142636713
0.043839800705712306,0.18150711913481854,0.027374661932169468
0.15812279563587217,0.06866470336807091,-0.4585219600766594
-0.37574567383837715,-0.29501921560378075,0.3746820845738791
0.09519021289873948,-0.7681480739748383,-0.2609068229888152
-0.11671745654666207,-0.7178384284098132,0.07884320196907392
-0.7439238517857447,-0.6251016589060214,0.5434050152264824
0.2405031799526931,-0.8167061199815284,-0.3992150208587954
0.7097948545837321,0.15139420007935164,-0.5992289101765006
0.9388071922248458,0.1739552222583008,-0.8018745121540761
-0.18710303619815918,-0.7272535443060513,0.35474827841598217
-0.10045159281953167,0.04836549226465797,0.02597795567319626
-0.7521795979708463,0.41372755232722214,0.7742934035313921
0.21168323862162014,-0.2753012113468165,-0.19459801757967074
-0.10327437880358589,0.03737452365204617,0.10134182227874224
0.5331206675287506,-0.3472039549499427,-0.5897706671294897
0.09396332282179165,-0.13120109797801335,-0.04897862859664456
-0.2361592999549912,-0.9016289150030892,0.377752888087142
-0.24714481957172194,-0.11091569802860939,0.2966234897179982
0.3738503465376516,-0.5088768031804874,-0.41773745272790763
-0.22339351707948385,-0.06578666677243722,-0.05484282374469959
-0.7366915874336074,-0.5569480122067447,0.7398951752502012
-0.2485618327831427,0.06834912266990763,0.1981540314924649
-0.11251550492456219,0.9676340708477496,0.18482221533504226
-0.30798589660029746,-0.05957589991629621,0.19294836689924927
-0.10839250863747779,-0.08751722192181673,0.3341864332354083
-0.11434821452374624,-0.007199551068852242,0.15613593603958023
0.14099153583049828,0.431116325848522,-0.17632694353000006
-0.11448950884470036,-0.05760352047563884,0.01626275827631346
0.933662113519507,-0.18244390699204932,-0.9258688315009298
0.2301418974120346,-0.34601451085160173,-0.11875379985912178
0.22050790778082188,-0.34678297421214255,-0.36397303384544816
-0.11000082387052317,-0.1227939127565322,0.1198935469997516
0.04569983455700751,-0.062064630566711826,0.05725655837597769
-0.17879061106243893,-0.26238666613814443,0.044621947823516826
-0.478530441501805,0.26305034500961344,0.31609946128494476
0.8992085773023211,-0.5135894078649305,-0.7745971259899946
0.3155526399576509,-0.4741317209496765,-0.2851491381892519
-0.26620635740096904,0.22857155249653016,0.2126782922310093
-0.05970847531313274,0.8295075573035913,-0.1930118589479311
-0.12980274248809234,0.26355064580879994,-0.13177527165254435
-0.69940627648939,-0.16625897178889687,0.6235095168663836
-0.6573873304917331,-0.7239685038973827,0.7241228094901452
-0.08757791233105225,-0.22970511249359465,0.21688619647441432
-0.14557581525434307,-0.35647865028194425,-0.016999592520427736
0.17225282108754061,-0.19809057797698493,-0.2981799042601638
-0.6276340863716529,0.8402980677545964,0.500895904888787
0.7864160889169766,-0.17492104235666367,-0.8915471507628758
0.5743333559157227,0.24667745083940246,-0.32571221540779155
0.042966799683393814,0.14588653871362736,-0.16240030493404425
0.9895114055833629,0.023722659093818908,-0.6685117483401759
-0.14684835029129617,0.3605445266671231,0.1432119107775737
-0.1303710774640284,1.0409387589151946,0.16689368001863436
-0.6147020476283386,0.34001625537348384,0.5565966841445549
0.7182786702435299,-0.37102397663328346,-0.8188357189512072
-0.3437842909982295,-0.08509153969586297,0.24602482069081932
0.08461918652081371,-0.10166172582993971,0.10246021170779551
-0.2117542626930343,-0.2009075193825316,0.13149224405936616
0.7737659056047438,-0.5330205829825448,-0.7528474390689445
-0.2527010104277788,0.6486655081702225,0.7917130756922299
0.21780148289994025,-0.023427877731730617,0.06826415138984383
-0.2702061923907479,-0.08364021100694424,0.08898629382854542
0.11819969946100826,0.11571408369351766,0.01067735148106451
-0.14887717527292998,-0.12299498411067779,0.14431832024929941
-0.2118892119082295,0.4317347962518201,0.07385399657969649
-0.2521616394664604,0.03947140557289733,0.6203565504554807
-0.6001490663690533,0.017408892076583665,0.5007131490944817
-0.5303372158265635,0.8737416178792436,0.36605001039491963
0.11455015086286724,-0.17180758712268213,-0.053529491933583785
-0.2690060301127496,0.4770181903172458,0.10091703510308708
0.26899446389714476,0.6578031647745894,-0.4430133874919018
0.7900767770275251,-0.3794699251449437,-0.8409223308103179
-0.6677546470893021,0.7796595686172534,0.5214743995294336
0.04022235958734205,0.39594481267174547,-0.04831918630345548
0.13005793636023477,-0.4765556180871472,0.18547134684579372
-0.9940547497863051,0.47400116080227456,0.9975358384939419
-0.4398325077150053,0.19051207111214968,0.463453858443461
0.26857644141383025,-0.8184997227001736,-0.21952795400968228
0.3247370770856992,-0.1874426388245738,-0.22178434850865736
-0.0911734691323508,0.5307461184207003,0.08860496039644367
0.8446465751143495,-0.27381579484145013,-0.931785957803202
0.13968138413174186,0.39211106129523854,-0.28176535747794235
0.47977640612212186,0.529068842703044,-0.3455160697003072
-0.5635112707802397,0.3755783548783721,0.47926135695387095
-0.05771542776822582,0.16193676607243368,-0.05883149144750125
-1.1237097413623034,0.31022685710949155,0.6614283602318372
0.5358942307951813,-0.13079809166282128,-0.5826833888663813
-0.5138484456487419,-0.01889009187325956,0.25075526175567814
-0.37480852990228436,-0.8236783283584622,0.34595477055830304
-0.278129087784936,-0.24241446582076864,0.17926272391184578
-0.08427108633952787,-0.010754288141869878,-0.10365717827309617
-0.11173826572439786,-0.8396269195673602,0.05121956861108045
0.03686251860735667,0.09703723331626668,0.1208917255788628
0.2801396553269623,-0.2388660530979566,-0.3391520906253661
-0.09196510226321353,-0.515938404710083,0.2984914208033593
-0.2329606868098177,-0.11436273584063361,0.08278490002430133
0.9435812010029775,0.3415696103147728,-0.7540527544007729
-0.43867983161427265,0.1769207198091091,0.5201418254312614
-0.581999324802796,-0.14866428627680306,0.5048243306701047
-0.05389826601694939,0.007848494624836402,0.008149256965098772
-0.6403198113428519,0.4296365506117569,0.42008747261973767
0.11899320441559774,-0.10759965523458612,-0.08789451891453783
0.014549160673534166,0.4216766635033829,0.00810138980138437
-0.839758999301221,-0.1043825468263192,0.9760582169309102
0.8906648975973698,-0.23213871322545832,-0.8521955236865597
0.21091962769610392,0.14991869423648507,-0.14681453656171337
0.2925347904975809,0.09653522674134413,-0.413799006265395
0.16849398483379802,0.009901571585684756,-0.2769944036145782
0.22633395917359178,0.35774410644045823,-0.18197525308095053
-1.0801103821603846,-0.04723808850553231,1.0943465773207475
-0.045043635587578915,0.06692797775869072,-0.019783193177186104
0.10754018895130021,-0.7426831820321597,0.049523565389500264
0.21000280370145613,0.8361443712882064,-0.07121789955912258
-0.5720579900729961,-0.9162128591361763,0.3706704032348508
0.023853186597608114,0.25818926344267157,-0.01999223392951996
0.4855829651545975,-0.2244468214629289,-0.4084786871138981
0.07539976997377205,0.13705204113055383,-0.15196450338213108
0.1933339610717689,-0.0635964024512013,0.0012587886250281233
-0.20531747679850126,-0.10391222330856588,0.3626500498412152
-0.12341885895871652,-0.07520445028639162,0.09732788432297601
0.016848800480216627,-0.611470275469494,0.12614277476635496
0.02491789832270635,-0.15569428039225933,-0.11976354453306062
0.12482117889031824,0.031095591963847515,-0.2187457400245238
-0.4922217945927593,-0.25204661990481486,0.38648811479016726
-0.21932890853763773,0.16561516899562823,0.16358250353223386
0.012382667572764267,-0.6062884810693444,-0.27781734578334993
0.004867201089808575,-0.002939846205469575,0.02904599330178602
0.09549894964218882,-0.037672350178863626,-0.10898744306577153
-0.5989615565304304,-0.31931266338261943,0.7055941209741698
-0.2185326562348317,-0.24580354313787867,0.07268143681087921
-0.6370737472759922,-0.584517441169206,0.676861505591891
0.7773016919688538,0.5063196362954134,-0.7217158678835005
-0.6469620434723969,-0.4512277343749281,0.7959011847181788
-0.029310737800011977,-0.11560534510860858,0.1627870564929939
-0.2561735439285307,0.4196669974465042,0.05182952892538875
-0.08822387833273038,0.04431664730160051,-0.05928560503500911
0.4055698286808166,0.1167263011205378,-0.2098673023162676
-1.006959979041561,0.35808142453273695,0.7393647796973987
-0.4610028583846209,0.9188969012719453,0.36057694057412015
0.24205938410453365,0.006704620429286593,-0.22584811715394595
-0.5741605514454425,-0.4050164176007727,0.6232673077416342
-0.0048719653273267965,0.41452871239489697,-0.2393982053254009
-0.20925857536759473,-0.3444635815072477,0.06262296252560474
-0.20391474374993745,-0.7667564590454091,0.1362198207564359
-0.08288057268991353,0.1421980991882175,0.05067372201707662
0.34283113498289647,0.3486103912096538,-0.44242243704675643
0.07565367603379917,-0.3383166498133078,-0.13787365541001895
0.5582088735254401,-0.7608977089342667,-0.6800455098020535
-0.5917492726120122,0.45703616956440196,0.539068592254738
-0.09380830930488918,0.8278571199231934,0.05329494599484862
0.3333456653984294,-0.1999004789370843,-0.23084934630860093
0.5967700711717325,0.2426708753706169,-0.6417522112641261
-0.25107406112723074,0.1950080514545452,0.20519855524091027
0.11277424994014311,0.046251825326463866,-0.22619041070026458
-0.693869392538656,0.45794259896890055,0.6021090476609647
-0.16513424963772494,-0.042838037423667846,-0.07615715330993184
-0.10474937183138598,-0.569520237432142,-0.10676941337675516
-0.5071054871660513,-0.15173609849128264,0.4620465866431942
0.5742660039191497,0.5427851642618009,-0.6390937026725971
-0.07222354611738492,-0.11808531795830902,-0.07075519873065472
0.42545361788982683,-0.4787713873209807,-0.501442467786011
0.5364787664673574,-0.7115315571296066,-0.7023683470026225
-0.4947559463835156,0.5216175543264772,0.33497538020076123
-0.2842955918873405,0.22786406046795835,0.36937357312734775
-0.21233429747087057,-0.3433603364152226,0.19635923273882636
0.18061553355271637,-0.027519929085047794,-0.00713473529724689
0.3048891873581328,0.142410444779842,-0.196394062242209
-0.10608470728245939,0.08059221625282509,-0.030318039484720116
0.2668798098522258,-0.09561270486001065,-0.18441885595371327
-0.3271459323424883,-0.7538489164584704,0.4116250516557592
-0.7085428445041149,0.6963900174002915,0.8789081792123957
0.3378619836636976,0.989107216489075,-0.2871252621436075
0.42177922922061684,0.4795912118272949,-0.4702359737056596
0.7436704611761253,0.20692177696947417,-0.7936116317762567
0.6410020703333358,-0.4651822996105647,-0.6692655401982393
0.38433394855429126,0.7847270905240661,-0.28919452929823775
-0.5388541935698319,-0.5933818300555425,0.32743269269379555
0.6097192566675658,0.5099761138924885,-0.5859633108919436
-0.09773390310341933,0.03914750228078243,0.12667985690113376
0.7292503876546709,-0.6033516795383622,-0.562714508102569
0.17257262215462804,-0.2361074967318064,-0.09867533046724704
-0.04798060366702264,-0.25605399159679826,-0.2101337108055369
0.24935677093280012,0.6657637992228144,-0.38149065715637426
0.3459012104394631,0.04211888689860662,-0.5197563828074259
-0.13566988273109482,-0.29754350721784506,0.030678568716771645
-0.24201196723895302,0.685079146363901,0.19105950496682397
-0.10653581814178871,0.38614387145693174,0.11294214100754706
0.2742512789209395,-0.2120005519930966,-0.027192683228772246
0.18760064956184602,0.6462961684374342,-0.04251328137875482
0.18956386364571326,0.24958279564733704,-0.13914521399816746
0.09267892826124152,0.0005558019301353939,0.03960345529883371
-0.14581331376156298,-0.17290114311836507,-0.10836763662170992
0.010486309950143366,0.2948467689448993,0.10277636844856873
0.36317914016551606,0.42921775568275583,-0.27310452576867156
0.06395857856700841,0.21378747176603127,-0.054017927864263966
0.7197046138140811,0.10983075555249919,-0.8185330490109086
0.3475069783979386,0.2670107539521109,-0.24606914663261237
-0.3320395492007068,-0.06796299783360281,0.21311027963045484
-0.20598821792120373,0.388079554377426,0.4477934208320691
0.09082914391366823,0.2363036138958055,0.012669373598774375
0.5670857706236907,-0.11966863465497177,-0.61815722233006
-0.025859690734044385,0.749660037578336,0.1981089284108406
0.9192294378484249,0.361690432725099,-0.910518695500327
0.32930157809544547,0.741843544372824,-0.5442187917728404
-0.5114851696392966,0.6343418561248536,0.7164163061300546
0.7302456556563012,-0.06742069037336353,-0.4035704675317559
0.012939236980503616,-0.13927630658143533,-0.1040635193252577
-0.1616158354548194,-0.18281251332383378,0.1951235825995
-0.180790246349017,-0.560638357773045,0.1566732756615356
-0.5199606787224194,-0.672967237729759,0.5639410297699202
0.5051702361407215,-0.6290157677835311,-0.7215021797731376
0.3766463188578347,-0.2476795976294635,-0.5274529686405878
0.6109695708491872,-0.46953481340355796,-0.29052498153176165
0.18274714018360944,0.0029489001588640755,0.014049348351231361
-0.27171959735812135,-0.9029599109803325,0.2695961331247052
-0.6805293049205143,0.8176399339959781,0.5167936208025227
0.1850681246148304,1.2479246227875533,-0.06674049567682624
-0.7166828692143988,0.37746001189879297,0.6953051953103514
-0.07949795847653773,-0.3464683274009688,-0.04434726545241503
0.05388658694033658,-0.03517887401867559,-0.04207137375750795
-0.4296874953658497,-0.08425449328620384,0.5776690370226656
-0.051869067203934666,0.020233622508551388,0.0844377815353399
0.34567782073226416,0.06677742600679258,-0.004622676098962997
-0.055272842868224585,0.3805911483197732,-0.10809824259045336
-0.4704437994566526,-0.24070923167733876,0.4858097370598126
0.4278955995072288,0.4108643629682609,-0.4681092169825578
0.5106763476661285,-0.7277230171472059,-0.2973591354572282
-0.15438926228527855,0.06824699005936208,0.12887155009497636
-0.007511656799974155,-0.13050985067894993,0.04942787814142517
-0.016981476730688397,-0.1851986830243888,0.07402829135639744
0.021418699312042752,0.11767214634274323,0.009430496688082608
-0.4720405366716428,-0.3393443059743657,0.5101653335888318
-0.6402384149749795,0.25965131036218025,0.6062407062129495
-0.3544595757741964,0.564399748662491,0.28966804092009824
-0.8471914580038971,0.8283845366452851,0.407425502715987
0.5523830865278033,-0.4126748205929121,-0.5063611228510746
-0.8319141644259863,0.22086860315067153,0.7472821495215891
-0.3075128871483541,-0.2900426412238345,0.29991320007831085
-0.1022561790391737,-0.42997487830365383,0.36266804182234547
0.171211616075727,0.3483485641277637,-0.05156144384536214
-0.08265457140564587,0.08299416312978393,0.023687872380336122
0.28275737104334,0.9284968554118238,0.0021779520838926397
-0.2997721137817631,-0.06893474901870489,0.36474422565182707
-0.20423604440757404,-0.14237808310958666,0.05763852216735202
0.31149949266744364,-0.19935049296245164,-0.37467598910469224
-0.08295746168492873,-0.46544184951950757,-0.048487917150921614
0.6981334218983412,0.22205015754040092,-0.47814167037357064
-0.7539702919801546,-0.15372268174171824,0.8125090317588372
-0.512779845910261,0.221186612611324,0.5325798555490159
-0.4424552030971983,-0.3879391926025555,0.43230010663693486
-0.014026677097389362,0.4891029806242182,-0.059036977458068386
0.3682716104622006,-0.8744532367131294,-0.49056341313610435
0.4240835636213299,0.12650778804966284,-0.3571352356221835
0.9571662491234554,0.3356274563259327,-0.9883503097849795
-0.14505763543969913,-0.050877929636882875,-0.04606173507723306
0.43568201703326465,-0.6643819230058895,-0.4380335365690121
-0.8660406312740501,-0.02428801691143896,0.5468465633132423
-0.33281182984681523,0.18063234598641417,0.20492287931538672
0.12766182415757404,-0.5366668834423983,-0.5065093158915229
-0.4818037711234646,0.06533280011683874,0.37774968954980254
0.17849443199254292,0.1389659843632325,0.02037126925599214
0.30349270961993924,-0.38934623196968143,-0.4053383126046683
-0.5912513166166025,-0.7793770477286723,0.5661494222149488
0.42222210167873464,-0.5798319246533093,-0.30855104590533333
0.26234718562476766,0.1904462068383848,-0.11120418746292235
-0.24151615837481513,-0.2609362318689396,0.3412606005575254
-0.43144941791078684,0.04694577015092168,0.33339493095012707
0.027002098634014145,-0.19398239507232476,0.1871676060282361
0.9072615432365603,0.2168249590324468,-0.7939946146767758
-0.09947747449349503,-0.06946855761928483,0.00921527068134316
0.6470086837460846,-0.5772199848474354,-0.797440967117967
-0.11719540946631345,-0.026271329926804837,-0.06832857718387397
0.4629541413929871,-0.39443430643023825,-0.19105466407667523
-0.0810840565102113,-0.2761243259902312,0.2267866143558857
0.32180368995933273,-0.8051638679565227,-0.2365269711667019
0.0600355508774792,0.6730510955415451,-0.2247731669284579
0.9229691156882264,-0.20060237438785616,-0.9097133017846417
0.37363796328881244,-0.316053472090474,-0.4831659617006173
0.6556265876562237,0.14306216713554507,-0.6373819467233397
0.034598447018655054,-0.07457976612644886,0.05286385127521922
0.2049799417699144,0.32271770309176634,-0.23260972674107055
-0.6486645864304552,-0.4250468828290953,0.40352224211295035
-0.15348346746457261,1.0328553172524357,0.07147775478025437
-0.9464298308862382,-0.4127631311273664,0.8103985272435458
-0.5687761019579844,0.19858492186548135,0.5277369780925347
-0.4211578068404171,-0.026499480292240085,0.40876715500255517
-0.053735368548573345,0.7172443898927195,-0.048401300195514196
0.05148217235468759,-0.46023576604270366,0.054465254884473235
-0.2448137768744249,-0.2360084396168859,0.3092482146839067
0.011244912253791631,-0.03639258816886889,-0.02996415858208277
0.3631217268970165,0.1993171434730167,-0.1866583753359124
0.1629289649783937,-0.17588163400843643,-0.2662652221830509
-0.13592748216278805,-0.6570287252663556,0.2956175306760518
0.24279049578488276,-0.14090826311631693,0.05385176529159516
0.3182127493300563,0.6047276170212963,-0.33686847751520177
-0.2522462627882456,0.6835036047915408,0.4560416946162836
0.24812552077195887,-0.2874426392274194,-0.25378411532847717
0.18218406301072643,-0.05176489707658428,-0.3196206736825145
-0.014075234111308926,0.2937361540490103,0.12456818358964325
0.13458489984189928,0.09927623637018146,0.013339095034854235
-0.008783752786268223,-0.2020717769061881,-0.20991495244003006
0.11660714555327822,0.04545823605196114,-0.2988160653926158
0.5865395666374028,-0.48721917099771306,-0.5184984248893385
-0.6522651316624569,-0.28491298419557887,0.9069373588199428
-0.06875152762091136,-0.28980008204815905,-0.03685826102917272
0.045278029923117,-0.16230074520534923,-0.06331133869185102
-0.19031518232182376,0.32211475883947627,0.4218399968929054
-0.7886976229605932,-0.06343726403300266,0.654887108487404
0.2628766746391158,-0.4453233632770075,-0.24489874671255626
0.9709668000769586,-0.14059321537072078,-0.670509378744951
0.09965328376760019,0.15952461184694663,0.08048205020977658
0.4333102063737041,-0.30988008351654905,-0.5020215506650161
-0.04928302027734723,-0.1423870041541453,-0.04307282136697362
-0.013864713590741373,0.13758036395961795,0.09202919614683441
0.26943071054949486,0.8149636429995343,-0.3448311560193701
-0.030633754239504214,-0.233011285890173,0.03055369198719797
-0.11425820795971724,-0.3423240385017668,0.049443833521896546
0.6715627525288578,0.654041507579034,-0.7090032095570907
-0.5619991310244036,0.19115750858092445,0.4251473608443125
0.14970590008916185,-0.0027509226746509022,-0.12236563394514935
-0.09873455266910189,-0.2872793357705496,0.1536980028098057
0.17717122168214708,0.015512363789950884,-0.23347673186708753
-0.3921851863840103,-0.14350693213274632,0.3570702397806491
-0.3170119168627649,0.7850281200097428,0.19746446066527246
-0.7978296938192344,0.4413143189881447,0.9692266805139423
-0.8156087904693465,-0.6511369395438692,0.43276073686816174
-0.11097295387165397,-0.107720510593952,0.12727942561993433
-0.4033370587563731,0.29326508201852314,0.6637176178821821
-0.10440329484242585,0.4934960768711552,0.1481967258910986
0.014562437043307445,-0.7591630418856877,0.02101728845423191
-0.1927164187349304,-0.45816018569060174,0.10305983545042388
-0.22974611507968007,0.6267746007352215,-0.03841473507878257
-0.9306116164140447,-0.5661661301440367,0.8721511565734226
0.24400810993101554,0.7747695541865752,-0.45801567422171563
-0.6240093240102307,0.03286935321097019,0.5842208866493026
-0.08439747002757214,0.010311757505610683,0.053743819885332014
-0.17906680061504684,-0.23760753711217633,0.04344831823539417
0.8964862505282519,0.24598815626857296,-0.8283525650182268
0.7980450887485244,-0.041744522587362075,-0.8277635367428081
0.6563705221138216,-0.5139771589797746,-0.8689488402648213
0.20990295060790856,0.0024820592162474106,-0.3642166726500854
-0.39435114779331903,-0.41442430696127175,0.6782695284189759
0.564256911842622,-0.5407836306116676,-0.7056138137448308
-0.6407775231141886,-0.4289401300218778,0.4566536534964353
0.19827520775969668,0.13236061504105373,-0.04576656186640177
-0.4404037310349412,-0.7190919346484463,0.3695243663836877
0.03163707705790282,-0.0980121597934627,0.056209987134039185
0.25171263603186605,0.7240044001997051,-0.42159514782548246
-0.7748376959610845,-0.38501699930205,0.7239339310620853
-0.37573440538266745,0.6398842356865144,0.38148535091369434
0.3738528207342758,-0.659716734968199,-0.14456224751698377
-0.519332333067507,-0.7153836468275289,0.5944811761295902
-1.0188113910724415,-0.06672257044084101,0.9954873533733968
0.5226706683266858,-0.7003572691077795,-0.49370095431729316
-0.776177802994221,0.5925519824850265,0.6632141695530338
0.4291681429268519,0.024337876342659007,-0.22524397538773389
0.029584904725462033,-0.08542101167764546,-0.024463352089706514
0.2840307332737484,-0.6550208401140298,-0.11097036761756485
-0.15835279843803957,-0.1591623066948012,0.1375859168671264
0.43471361066695513,0.7439342134619119,-0.46865590787203903
-0.10103552292492035,0.04290408190362733,0.03185950147971513
0.42967173299710204,-0.5479665428836682,-0.4112161066472425
0.0854448464867681,-0.22129484180962689,-0.02647546891375792
-0.9729799209249164,0.17955440053817506,0.7673844831079251
-0.0017630065343610217,0.32254527856400983,0.07901579291872637
-0.4587718389700324,-0.2447870908131961,0.36157754393428626
-0.07878077708311267,-0.22047514948915176,0.10181126385165837
0.31490722148457806,-0.07747542058995724,-0.08979635011393802
0.07049464679173342,0.2256948223567946,-0.01227918257261504
-0.32305919787527504,0.3220028988657187,0.2002232758825942
-0.189746420082045,0.38119850293515584,-0.020204704317194636
0.3017525537523834,-0.2997739615966105,-0.5135885110211724
-0.03792122841889348,-0.8085784374552054,0.052965518184833305
-0.07918392314240973,0.6260407062726782,0.08573656553862874
-0.27915386258453895,-0.15940067693997975,0.24413075622199934
-0.027682686086429868,0.05080354697915414,0.08819611364193111
0.327450498383844,0.1845528599654642,-0.5303840176633471
-0.5747705297447587,0.19059578549028874,0.5124881477405292
0.45355261861223395,-0.1357074123209842,-0.44659376664382167
0.5328899546124208,0.19180277132801749,-0.5539327434387469
0.16814414020035373,-0.04876678200466612,0.24805163025362403
0.056725962875501384,-0.04203860533568163,0.07088125761376039
0.5604767327558983,-0.11984423780792067,-0.6167460400494834
0.1635298947482886,-0.006540695197879504,-0.17882512991404031
-0.16962051180259943,-0.09701276709650442,0.07133881434615133
0.4756635596386335,-0.06425965221123264,-0.523877990855352
-0.5052699756384773,-0.4578945759062066,0.4002902358432796
-0.6588263504071687,0.18284296617822998,0.5280023187927588
-0.1963269375087932,-0.11906618492064219,0.3678063678683901
0.005132125579968755,0.1790905599579146,0.11842280019564791
0.1410732788694358,-0.0024378376198032556,-0.14709304756902425
-0.04916213492043524,0.42278497474113524,-0.019680670060290395
0.20926755238302105,-0.34080029990136373,-0.23061217399679396
0.13702763037729648,0.6438663170356624,-0.1376187970500073
-0.04485495193040534,-0.35103246640023766,0.12117723405799086
-0.25144852447474125,0.176752467329445,0.19575280697159916
-0.007392044861707886,0.020410917326724447,0.09292119756837774
-0.13992923411337854,-0.3692057252361559,0.006132861767760588
-0.5614501061615045,-0.3485642759758457,0.7979598942424224
-0.8629117247578062,0.07845700745961108,0.7319279886193927
0.0774902361671351,0.02591567191381886,0.050216953369484486
-0.8176270586745676,-0.2570595950713399,0.7531281324780692
0.13470972400744644,-0.11212124338246714,-0.25200024672321963
0.6530447458493401,0.09283263214295748,-0.7595745057314918
0.09603877481947196,0.5376104604567786,0.03411031770095481
0.27065893542315567,-0.015249084510426808,-0.3377057212818574
-0.11725812146162855,-0.07632843077713401,-0.00024488746582826404
-0.7278716722057257,-0.15082838187340808,0.6230197836665069
-0.2374292408279067,0.5792702909998071,0.09338574426479361
0.11130025477683336,0.3007442758040304,-0.36729871352852594
0.3540802197168509,-0.4148660144666176,-0.10892900939136435
-0.615305643686407,-0.20407678043407318,0.5559490686967665
0.163623357969296,1.0236971567498059,-0.10613252784208785
-0.1719563539002555,0.15214254839728356,0.1790348524948006
-0.433099634443372,0.26695180238561556,0.42764189407118053
-0.6128182669510622,0.5197052048137231,0.397417026138847
-0.19628528679483154,0.1412155873620757,0.0787093755554529
0.12192770284036092,-0.022847918696887876,-0.18770484974763604
0.21240743018704036,-0.23349569003120707,-0.11149293440105122
0.22096052339568598,-0.42980003218682084,-0.005791451508530027
-0.45301862182475977,-0.4806195979042931,0.5684178267080677
-0.6803170092514917,-0.499555046933031,0.525383498380759
-0.09341376910009497,0.19592990040996056,0.10233121318058733
-0.495434554539472,-0.5582282591512352,0.444206475411071
0.01110367202445714,0.028977395564369984,0.06198398831796551
-0.4496203520130801,0.08543820450290053,0.45312902425696777
-0.4898160355125931,0.46915246903768704,0.25739469921167235
-0.7693761039458125,0.38971821660512723,0.6486218075059399
-0.21032272063144714,-0.3691272540800874,0.3333353630739788
0.4562155269969292,0.9498912318868203,-0.360053556000842
0.9927116227801318,0.4263602376591892,-0.6921783589769914
0.7317670468386033,-0.2293287653461378,-0.6162278565278798
0.8277390092023326,0.06314901393578437,-0.8116236145033535
0.4584344658695346,0.963978924340466,-0.18644083514305793
-0.17181383160083774,0.3587928924558615,0.35175542584347685
-0.40797703340029656,-0.07292253316258113,0.34705298504408433
-0.4675479032639983,-0.7810270997939199,0.12111349471312025
-0.08184391893412181,0.24097012801230192,-0.0037386885318239343
0.09211085372769859,-0.5146438706403409,-0.2634065261617212
0.15698593789818743,-0.5810328734093406,-0.04550335324938478
-0.13403660132616618,0.32239911809331484,0.06064237471522112
0.06120359732123416,-0.053672227073552896,-0.23728430601584766
-0.2894487247076166,0.49846824059793504,0.26778850570701807
-0.43206472207416036,-0.5816911556536105,0.2294179249774442
-0.02428743009813237,-0.22108577692136955,-0.06789074973651171
-0.44761397495059324,0.07845653795484453,0.21925804305052538
-0.20862012426648519,0.4085753882351789,0.15092848103816667
0.42183509599169744,-0.41880031512657456,-0.5222449246686612
-0.5497314556008279,-0.4702440991898823,0.24017512165863647
-0.12540306834183285,0.12890647395979338,0.15292253600343525
-0.22890062618195345,-0.5450014348003122,-0.14374352386898825
-0.6941944278623238,0.05672759498828736,0.6989693499353882
-0.2565778755577749,0.3196350859472956,0.27026250255147627
0.010367394051597114,0.2160873452004374,0.05925416084327189
-0.8872960823432463,-0.2716619144187341,0.7277040192547855
0.6647877619223426,-0.8934350745860467,-0.6811820667522434
0.4644211386760253,0.18593028900260258,-0.386143986435966
0.14263010877850765,-0.07359682388090438,-0.04425957696806755
-0.7899894788655428,0.21373802916646456,0.7387104213476802
-0.018332645013078012,0.21833936263355147,0.10906456115203315
-0.331411138558375,-0.019783264765141736,0.35043613747117175
0.956736895505891,0.12871965128411167,-0.7281015204406942
-0.5355015157249422,0.5721319020185538,0.35764754491602513
0.15756075099680036,-0.6467533046490503,-0.2182278542752371
-0.17992629778696476,0.08935830564263486,0.002704058664004527
0.1909103905481208,0.6208277767059506,-0.4152378688445487
0.8820030412365107,0.4262710288949881,-0.994064504390963
0.03415208867221755,-0.09401085265360434,0.11686901678167987
0.31710989390962574,-0.03846065143300697,-0.1842421659952161
-0.6170117461626581,0.15769079495125105,0.6230563803863938
0.14781719071992347,0.19688021083953328,0.03767187536676663
0.3216301214277782,0.40213255634467693,-0.3600521614259316
0.43798650658871585,-0.3873740175130439,-0.26515297822674433
-0.7828675919250253,0.4497763997942086,0.8255067814719884
0.7313853035026596,0.17356596288039908,-0.8040610218018531
0.2903365546621791,-0.2877649171253854,-0.16386923853171853
-0.5699662506284608,-0.34305298158126096,0.5097557413388317
-0.01429568429938452,-0.6843408604671888,-0.2795881153131201
-0.3365840198446981,0.7916168008220651,0.2504686889735197
0.6985467033832957,-0.19859141601196256,-0.545229101666167
0.44115929802028897,0.290602414523961,-0.34280224753961325
0.16325197846950312,0.1992242188610123,-0.13712499132227893
0.19505385711306472,-0.6488817457134363,-0.1675148709979332
-0.5730093937712789,0.5878008876899767,0.6983392091168495
0.20268474071701215,-0.1912840072219542,-0.022199434669447966
0.13005567895503817,-0.12105545131312957,0.030807704717125906
0.12937732208378622,0.09959321153000494,-0.14517056337441764
0.08577185648471784,-0.3286388716708698,0.25608245252658685
-0.12302290625127689,0.01266356699731383,0.04451414688758198
-0.23026098871520745,-0.13550475093240294,0.44940736223177785
-0.30771046355543297,-0.25215195960434134,0.25990385921266024
0.3143022629239329,-0.4644603541553486,-0.5028532815032716
-0.6376764526026036,0.34784599801774074,0.5792988439686536
0.2172190147800116,0.4068964886708676,-0.2763467095645089
0.6008239174886916,0.33599660390208985,-0.5772874666311191
-0.9432092744350383,0.05430629009249691,0.8935139400748302
-0.478605794469724,-0.5686078237626542,0.3997671521189067
-0.07690961567241618,0.37671084772334607,0.03218490727128506
-0.09860595637037065,-0.23832911613233868,-0.08083651060996111
-0.33980755387526573,1.0000842888214183,0.27246245927838963
-0.5956853315863656,0.4477829511314231,0.3910751211727616
-0.3288734472066918,0.8179538727858767,0.421887431699911
0.44891068424550606,-0.6703450135312624,-0.15397690117173643
0.3000657945426821,-0.46019595096760957,-0.3254397414449104
0.4240170456957904,-0.10202855678068506,-0.1803446697192691
0.15999107045301794,0.2748913749694343,-0.21761599744415136
0.7815739130563798,-0.4769886852535494,-0.5752092414977024
-0.10102001151573495,-0.1357043949696263,0.21212509907005436
-0.7324950005731194,-0.5527181680956118,0.6794128510727504
0.29234769122352117,-0.6148711357119124,-0.40491011624233647
-0.03803152850391797,-0.4835260993265385,0.12878940593194077
0.17408111426207498,-0.03009253443044553,-0.15163276444125548
-0.18199859409241756,0.4766976694287884,0.31803635456864743
0.6220450083138777,-0.6633714914635962,-0.6629017944047311
0.11967493086600894,-0.017961369845358587,0.25333181279575334
0.226530712194296,-0.12968955894545245,-0.1190510357531381
0.0124491446347796,-0.1373435067220075,-0.05067384727341153
0.7256878310546345,0.2177811141935502,-0.3780209225901323
0.42833354575428206,0.57443626518105,-0.6083119930996369
0.4517633479492903,-0.36117736581975085,-0.3541176294410264
0.3531119290811998,0.08751401237182073,-0.4071095790194593
-0.6200429651499679,-0.9041609793926937,0.6416324270178996
-0.3429291755836473,-0.36223217588748524,0.12548495085981315
0.04857292281329368,0.2523362435577143,0.014141003821808388
-0.08617147809652898,-0.023630910193645473,0.10095634736499234
0.18247943714717185,-0.4925795804867311,-0.4032990040337858
-0.12984147146330444,-0.057294437159125904,-0.018088140399141764
-0.03666699520483108,-0.05765318352193177,0.006492505661769461
0.4917615136618516,-0.3061287234960807,-0.3325055825661134
-0.09279299212369213,-0.7014201978979618,0.016878929371829703
0.021205889732060168,0.03348801297803913,-0.11790718803381592
0.8910732326201909,-0.4105469332957492,-0.8030353287995646
-0.6331923369413687,0.2156840119160389,0.5950156254117068
0.16337837787486317,0.35938768978290037,-0.17397996745304709
0.820012069551746,0.0672398422547345,-0.7802310432773667
-0.5886172083671128,-0.06639232138343429,0.8442631229576505
0.5042107409796623,-0.07852510232763796,-0.5753765118954395
0.14361180640600613,0.6554673536670579,-0.3095398475955432
-0.8667478667775265,0.3349814658683423,0.7365858625183985
-0.20298923360062837,0.2157380449744319,0.042012156970618324
-0.023402344172834336,-0.31430230018179395,0.035686374725964504
0.47793278272813167,0.122267089686286,-0.6664037798476999
-0.18080249320282724,0.15487257188636394,0.31294649605794267
-0.12638949238430242,0.7755534058774677,0.1951090113836328
0.10065553979504495,-0.14968741841796118,-0.13449281352617717
0.21892946258195212,0.22238551609277687,-0.2219806284479634
-0.255407010160449,-0.18833425866246528,0.2675896711782015
-0.24189095583353432,-0.6206424602942184,0.27653207612333364
0.14141008183170517,-0.27044239595313296,-0.18917221303020643
-0.11020829705769707,0.057812897501584325,-0.05983156474329779
-0.23837817967211805,0.45448438334775537,0.3663093516694129
0.04804825369134372,0.807172703900297,-0.14105330622361045
0.7460265220993885,-0.3766515280903297,-0.7922491702627259
0.30222967947677915,0.33082356162805737,-0.2557144539429416
-0.8353440648612874,0.4930901680450861,0.7907403571276914
0.41300490483307595,0.21650264093832264,-0.3528427472803304
0.1438576332165222,0.6390396035162654,-0.2495215271451392
-0.19300682272798464,0.09033782090109307,0.0009277727935791749
0.21287755029013972,0.41235227800902874,-0.20080816001952317
-0.5649527599402444,0.9531612337404537,0.4410017300639796
0.07007067349333915,0.1088822996477341,-0.1113782304161904
0.49944825521745156,0.23101351729415553,-0.6841739427307089
-0.055390523707544305,0.1340297042465842,0.22309696010791435
0.01071957325346004,-0.6952630651244893,-0.1609824586597656
-0.9547625186643753,-0.01882997632912664,0.7588893172005458
0.654887396571339,0.35990033440374414,-0.8052877087148753
-0.3995108181619193,0.42092656159756014,0.39228488302176256
-0.0008499458885281308,-0.18612308835535674,-0.1317828069525504
-0.4073268706305147,0.07180775897019814,0.5237858899898882
-0.054745606577166664,0.4470101709403527,0.004501193276523912
0.25939024576472425,0.07846988370515559,0.013248049687725874
-0.12901042006130267,-0.007074036868101333,0.1538954692693612
-0.27292658027478134,-0.6465484500679494,0.0167978598496559
0.2137456839029541,0.05634863482464154,-0.21821115004607236
0.24019194834234517,0.29295390961741496,-0.2584246814770445
0.11292570872041285,0.36355222382491065,-0.08683787437972942
0.3922726456198671,0.15116559018390247,-0.5048441529986016
-0.3777969411181911,-0.09882011488078445,0.26149525237501825
0.5174651290692782,0.13699225015239105,-0.40149932719882164
-0.047407326754512716,-0.7508897924708818,0.07266885327395406
-0.002586866663809464,0.10415138168858416,-0.006020565632728524
0.7445492295819001,0.19012616975828348,-0.6844971997063451
0.5394667478913369,0.1898177552713996,-0.5300892644330667
0.3867245014086541,0.4099180001005006,-0.42914036898035063
0.28427708145451486,-0.5522763734495015,-0.17808137113946523
-0.41914540523341653,-0.5224674199351154,0.17726653049757124
-0.17496141381452912,0.6904933075127674,0.30897921177682525
-0.7559890962817183,-0.23910828413358354,0.636793150669609
-0.29118967772513926,-0.7690522298619975,0.1868947354461735
-0.5786863562916263,-0.14000050100837433,0.33123348538146347
-0.09697497499541942,-0.07735425897283861,-0.0013937412543574418
0.25070278767329246,0.26961902175151387,-0.2728749134452453
-0.19119526810610665,0.1823605949760528,0.026041551067328694
0.7262192794250222,0.3137837539261594,-0.8150822992141079
0.4843836746702002,-0.09481570789222413,-0.3916699391591139
0.41930631660305007,0.10482781008270692,-0.40812846977236494
-0.9559512573498108,-0.030428548089117137,1.1586771039804824
-0.012883693203965318,-0.11992592063296613,-0.2837318866399444
-0.05188297458223606,-0.039374949254860264,-0.14207943919396643
-0.04172882144969441,0.03756240105371294,0.06390892483314284
0.4562978208880401,0.09207618960728606,-0.3950004230696094
0.3031490929513973,-0.23486047882483937,-0.3549227761325726
-0.19354447835919014,0.28015300232097456,0.314507370826876
-0.1360578032930645,-0.05517043513331242,0.3370859629126084
-0.2597870842461025,0.4594204852889596,0.26532695749097934
-0.2046266643334269,-0.2447349164819898,0.2872273047259921
0.11439375795342414,-0.1558325955143338,-0.02803160618949601
-0.28557772766803224,0.47075465476290523,0.07402519726698557
0.2785537584887756,0.13031126714196906,-0.2421843520466292
0.742340977251834,-0.6445796243382275,-0.6258007972457923
-0.24563326770652366,0.11430333299913784,0.1437396019789619
-0.07345245287336359,0.106657939414071,0.06902850074644024
0.6482099276816802,-0.3626366325696757,-0.6129923715942968
-0.0945248728232698,0.07855167387703069,0.006629210942197636
0.783087052669051,0.5710933269728216,-0.6307966718429991
0.3134399770450804,0.029538476286629894,-0.07478933358174031
0.08162272725467572,-0.6671209356511711,-0.21822023252227885
0.3220468313449036,-0.29967424837527307,-0.35465064369203664
0.5948581149364431,-0.24291086145959284,-0.3887019761376964
0.18638123982876084,0.1644514333762087,-0.23190237863603222
1.010985830477048,0.16095813152574784,-0.7943747975575675
-0.22927943056962852,0.39498543721668644,0.16406260307255924
0.13525282953817747,0.17688083320583792,0.0015432523324449
-0.10555974829463893,-0.40644445698178594,0.1926632229988529
-0.35744743066580187,-0.8285774778645059,0.26745053974374455
0.7739803371605722,0.6469444957199707,-0.665642008785778
-0.43301765037484613,0.33525871308846944,0.1266648480692181
-0.11667613813703698,-0.08120113941862517,-0.07581969788774784
0.16620556611055326,-0.903650822613857,-0.2125147489489947
-0.05921900345046708,0.10204929718711651,-0.05979038761975687
0.27107018905489055,0.49794976965790205,-0.48359629181920166
-0.16155968785895813,-0.026798942276721915,0.2593577594371192
-0.06552311311846365,0.21998161103320146,0.30263706839211146
-0.3871554847589315,0.44967056878608513,0.2014368999812299
0.13190263814610853,-0.2062484002514433,-0.2476631241989259
0.3036497191212736,-0.666574875076749,-0.1921929405227462
0.6804156153324037,0.747556753904776,-0.5906431751118544
-0.5532116187035149,-0.22782675026682198,0.42583738255351783
0.0365800702857543,0.7308524191488003,0.24040945876375422
-0.7217026913626794,-0.08091490320932188,0.39218818974933256
0.18535746996739041,-0.2666712606049174,-0.07110428634407104
0.1462344452398434,0.4782176416727105,-0.07099965220367337
-0.20180523499232927,-0.3225808930490406,0.11835921131406096
0.6440313683192208,0.28996939436221647,-0.6037694248315006
0.27234273574276113,0.0941214313281317,-0.3060252400812196
0.09149100522945099,-0.0004198591593632048,-0.09448594484301685
0.2839758442778527,-0.49202460997175934,-0.4436176714388124
-0.0860951109320582,0.1744610838893378,-0.03270963629098715
0.17972700474970682,-0.8951708832447298,-0.2984273933392582
0.2545214233934403,-0.6402934204372133,-0.2764490610631482
-0.7649792708684798,-0.5573234493626387,0.6613151127057066
-0.7830293252374804,-0.07615363839656103,0.598241012350283
0.11285409325682236,0.4363154062199082,-0.06200040220784424
0.1668720103138877,-0.025601624896869346,-0.2739234969559144
-0.1532489917804744,-0.14273404323334227,0.04944909405889493
0.6990841171790017,-0.5040913110371815,-0.5791706984327136
0.7404833730142321,0.47659160442433757,-0.725744601939517
0.03890530584644017,0.14625444826079154,0.3628668792439698
0.10967729300711686,0.103444101489094,-0.20043887711586011
-0.48492790801285784,-0.3088746452745845,0.30535552852327313
-0.3761161178403603,0.2645048279867895,0.32637133970325305
-0.010976098276099522,-0.06474711195486392,0.029436607685757562
0.06770574873646391,0.709282694012613,-0.27682923912715046
0.5304614559780481,-0.4191359414763646,-0.5004433826615914
-0.5184362097518891,0.2303002208292803,0.6369867466871353
0.300445813212693,-0.6705242518920249,-0.29415836881170676
-0.1385041579696445,0.11578797053189127,0.19350954191651265
0.2950199224128952,0.03295941518127499,-0.3344509465572669
-0.06691509239696429,-0.06638455897642129,-0.016087619333125084
0.17450192954714114,-1.0424619979603857,-0.2910625778716684
0.4983150347804901,-0.35396336555232166,-0.3566120350438504
0.8800602853263118,0.000595899330802549,-0.8705174169631122
0.14210213267617075,-0.5326371582672824,-0.21046012937652941
0.6440371218948983,-0.7736812690825978,-0.375022348720629
0.270795658326347,-0.14839699157790126,-0.28280791237666114
0.6827550539741748,0.06390872516974658,-0.5676590291675063
0.058685574421689465,-0.26289085059080974,-0.13236360105198075
0.05958119983133536,0.12060717860926434,0.020138591101408157
-0.37581200205857995,-0.1391918316258125,0.6513662968733217
0.6648386292626542,-0.257953596324518,-0.6703937731260029
-0.7950430140593574,-0.2765493761004305,0.6102846941843012
0.24249036528379664,0.9141557139172194,-0.3677108472370613
-0.5883611911059108,-0.5381294675482211,0.8146745922107044
-0.24458687730604492,-0.5431461499535648,0.308498026338245
0.0693542054974586,0.2525861758507696,-0.0863296790233369
0.22618346955750795,0.350938922356891,-0.2743556012869008
-0.04459158537428107,-0.022695828640282186,0.07126290778898413
0.6569319893389239,-0.21299899484368393,-0.8474367288326887
-0.09052473488048204,-0.2590628056584042,0.11589850412679614
-0.13639747658037799,0.49958221374104306,0.14465625145967848
0.04889432059029997,-0.31205631903188413,-0.016348078109393045
0.29637367884445454,-0.8398087815222155,-0.5133540944682399
0.07871898377137387,0.10757935825551083,-0.037433036215821926
0.27023036450113486,-0.012028131663208819,-0.20002262056292452
0.3516359408259583,0.045057670190395166,-0.08459277264297599
-0.004959973443698404,-0.13945557655271698,0.09575016059666427
-1.0144317164740095,0.19267705625369347,0.8684116746630859
0.9362930964040274,-0.018594400908891688,-1.1805651009210962
0.11456414365074172,-0.6149744799432114,-0.28484419684210355
-0.45527778824638787,0.5705190618424666,0.5525267342897089
-0.2809678048747884,-0.9222788241310724,0.4230105709933059
0.029790734508041983,0.151299508744365,0.10690012402852536
0.8998511243002938,-0.5455276393070647,-0.7778568551888814
-0.35886346020100734,-0.01750254775954191,0.279591822140915
-0.2690090624017625,0.31751902509143315,0.4301395233630494
0.7098336251884442,0.3069929750441185,-0.8586568615609286
0.14358588959817514,-0.06367543215400306,0.1213233586553202
0.6489231528471276,-0.43131857001322,-0.6567002198162143
0.19159244174123696,0.047801246272310395,-0.19346242277576603
-0.2453477809991336,1.0184378307398072,0.22134767922974183
0.4665325740639313,-0.7323368802635669,-0.4954236488695157
0.22298644296133935,0.3314566261005691,0.060264448025780445
0.26870596851048056,-0.74384668902377,-0.41926556129344184
0.9665252989596331,0.38958153289139075,-0.918311096473326
0.6655145837278333,0.46106482801693155,-0.807089657731277
0.37959136361065315,-0.42309707768245247,-0.28354203548774665
-0.08176944224840747,-0.024483871071495265,0.0817021286432413
-0.38787416492465504,0.4779355925943879,0.41095955804718337
-0.34442720115696884,0.23913531361283005,0.5399864895147073
-0.6940085438387718,-0.27295438989333837,0.6967099990937902
-0.2999918003147831,-0.09290490486648187,0.19043801964479223
0.3021326265906467,-0.4109574463161078,-0.3834831155734432
0.5027930165368827,0.7062056664386166,-0.4822134973942678
0.1286644246595743,-0.13366812067592188,-0.16928797178181995
-0.48798430088931855,-0.18967207623235433,0.6513706240323442
0.7423255148360826,-0.14939795866426586,-0.5139975189962032
-0.2645921808763384,0.7801664472285912,0.23854534926884105
-0.2619211891036339,0.3496171591679866,0.4051489003655145
-0.5149653661527077,0.22549482313107677,0.5903080617742619
0.43663605913688763,0.1028574170852873,-0.3270281119672811
-0.29335855560934115,0.12085646128360093,0.29299444558644044
0.03324959123722135,0.0022927128956334517,0.0021735739166637014
-0.27126033288590934,0.0448521785690725,0.25494512001150194
-0.8216158994785233,0.23741544769952144,1.0920096999879862
-0.16798829517157784,0.13161023116902576,0.08627927274490432
0.22867422005405533,0.5681375692060419,-0.002896912892224379
0.17530861623998403,0.0039811356546175306,-0.07281007080841216
-0.85608923572185,0.27226578064436024,0.9000420193771421
0.6626499650099318,0.30013682437423883,-0.3806441849691623
0.10154060514435354,0.6737458141084793,0.011953511280043877
-0.2446047641360067,-0.16449664326250962,-0.1022548098125888
0.37693664837888213,0.1954821531011364,-0.35247905196776597
0.1428386368775906,-1.0494321333604306,-0.07468747205786117
0.42278604489962507,0.8401250277600184,-0.4891520069569617
0.13967180798383633,-0.15780326644231013,-0.4498697574925522
-0.2530285819484276,0.10902422093239668,0.29620498639024373
0.5134958887587998,0.0940523393380957,-0.7467300903565576
0.3101818523152591,-0.10666945898145089,-0.28280660531759205
-0.7545615855406782,-0.014473668946286683,0.4516947058403572
-0.05555703735172926,-0.3895320658003172,-0.06876303001767034
0.030961463558668786,0.1476724290195507,-0.017497774992709943
-0.28495844382986735,0.7895212582541724,0.10296776383997389
0.44372712042871354,0.5717956892832988,-0.4261594059625185
-0.6005453495689418,-0.2112570776043421,0.577504943890237
0.7208087543121027,-0.1899723186159773,-0.4835383165740246
-0.34851756781700594,0.8156868688557706,0.3691994571378218
0.7423683076222376,-0.07494760282150273,-0.7460868927474217
0.7919592164968662,-0.3736687189733068,-0.8400566256829637
0.37562664605413326,-0.4164420377758373,-0.051865953659717745
-0.26917806839943015,-0.41969055872318234,0.1323153395927723
-0.14623356424251288,0.5464224182829501,-0.1618884024302125
-0.526563468841065,-0.23443880503603193,0.1792259679944107
0.23463893554672632,-0.3069896269206903,-0.34930299255317165
0.29875773038675124,0.1584101428286961,-0.3758801830100437
0.6428380426918954,0.2939962041173877,-0.4171780107742177
-0.4201674205500755,0.7995643847041259,0.45837786453399676
-0.24067163439106487,0.177216410488921,0.39707548846540985
-0.4597960085509878,-0.4423523627176881,0.46966172555685926
0.23013128750728565,0.1563485674029572,-0.13040823796779574
-0.012785522772030357,0.11848551756079305,0.12684415424640272
0.007583135432955149,0.1252720894170684,0.24096862720656576
-0.0888591269278375,0.7912690980497488,-0.0746957525007606
-0.11355436547498808,-0.10239410522403052,-0.20174884883735683
-0.09889746724810486,-0.03396605879521832,-0.03963933694126828
-0.12304016417797661,-0.06905262184354578,0.24294096261672876
-0.37352924844403806,-0.47345263856346165,0.37474198980150697
0.7863259678595109,-0.4996518061579995,-0.6584069736202492
0.2708042718902079,-0.5006836388486743,-0.41604357226857325
0.14768357534971843,-0.506694749887364,0.022893326340532746
-0.4310831991573002,-0.33537541895625217,0.34495868390861406
0.5067158856357454,-0.7809530818820715,-0.6494552634183846
0.39964124032289705,-0.4414833940398516,-0.3090118880782743
0.611632716887443,0.13062418627442796,-0.9357903838366322
0.6351100227621953,0.13589919130197395,-0.6705411241476703
0.39661287628963793,-0.6645887502653225,-0.2378898626342487
0.8668201527739668,0.38775237149784997,-0.7733572385480068
-0.14352517183502708,-0.483703469258689,0.3071798329838977
0.8563578974143955,0.38352827673880396,-0.6012423690467091
0.4552916531723963,0.05016719537785126,-0.5703716481621293
0.06567428701813136,-0.5129068464652372,0.09343876707399745
-0.0016899313812438234,0.10504602614860714,-0.0072389106582742176
-0.9010326315268442,-0.5168248534684959,0.7320148751303992
1.0275547383128385,-0.30384615816424526,-0.6967801843771413
0.019599922598662355,-0.47736281583233636,-0.1053661662170116
0.24716143964177853,0.45186637252013334,-0.21417219693685785
0.4946989062076955,-0.09195992610188863,-0.4873260501724357
-0.46897232877336364,-0.46981374647290397,0.31105747944222817
-0.16373917430897184,0.6661147888868021,0.34955530041088484
-0.1207630401916486,-0.6522431317849305,0.02264943729589147
0.4369371510456672,-0.16411567011856695,-0.555917577396334
-0.21264901673137604,-0.5598711286540647,-0.11582952120454719
0.334277044106602,0.8942470919301306,-0.2682500085421715
-0.3129279752076369,-0.45682610742309215,0.11292928399064552
-0.2827542907088818,0.8697471090842368,0.3167814618716609
-0.11274013385839513,-0.10004116099946589,-0.053970868172301734
-0.09338573049008839,0.06401534767530202,0.13167310440339347
0.04211594368699026,-0.0592431684907429,-0.11064502547304911
-0.07072939902211042,-0.019920730148927576,-0.19233134474667887
0.3809782900233064,-0.5259044004826994,-0.3842056681520601
0.11600102759582599,0.4718995861930181,-0.011681134387208303
0.27979889358249543,-0.7955167231418903,-0.20673496006825431
0.5825635667431097,-0.7296704990354842,-0.8800403604985332
-0.6609745388231105,-0.03732846004719148,0.6223209336796985
0.2433758454429103,-0.5445831002054915,-0.10283113311081965
-0.04812019984751121,0.6902947637645267,0.06610663379142608
0.5117114303578719,0.061063596194352414,-0.21126357713286203
-0.7591579362908369,0.11624611516329118,0.8220394293469059
-0.018224650089622853,-0.945313895625533,0.176360923966835
0.05352468230830868,0.4922124419525519,-0.04546739359583135
0.10878023263043038,0.10586245543517522,-0.0116356851065237
-0.36125005941302535,-0.6162713807247221,0.37212984765785057
-0.04753548875724095,-0.076123984685349,0.1781308211084836
0.1664343437864428,0.10736558938193326,0.16408941043917386
-0.4752568183578702,0.6157015425290056,0.5154928399614411
-0.3757788952898403,0.613570598645744,0.32755582181689713
-0.4065534001594659,0.3674253103163436,0.3698234328736404
0.05829151109255484,-0.13793046983179016,-0.04826430848334594
-0.0065710975843943226,0.1276002516173841,-0.021671886818147842
0.27724183572580463,0.19610816822785077,-0.3028410687457296
0.7046128331347927,0.7324551699742987,-0.39149511428124023
